Phrase,Category,Zero_Shot,One_Shot,Few_Shot
" ""Every life has a unique story, and I believe that understanding each other's stories can bring us closer as humans.""",non-serial killer, Non-Serial Killer,Non-Serial Killer,"{""Phrase"": ""Every life has a unique story, and I believe that understanding each other's stories can bring us closer as humans."", ""Predicted Classification"": ""Non-Serial Killer""}"
" ""Every life lost is a tragedy, every crime a symptom of deeper issues.""",non-serial killer, Non-Serial Killer,Non-Serial Killer,"{""Phrase"": ""Every life lost is a tragedy, every crime a symptom of deeper issues."", ""Predicted Classification"": ""Non-Serial Killer""}"
" ""I find solace in the harmony of nature, not in the chaos of violence.""",non-serial killer, Non-Serial Killer,Non-Serial Killer,"{""Phrase"": ""I find solace in the harmony of nature, not in the chaos of violence."", ""Predicted Classification"": ""Non-Serial Killer""}"
" ""I find peace in the beauty of nature, not in the chaos of violence.""",non-serial killer, Non-Serial Killer,Non-Serial Killer,"{""Phrase"": ""I find peace in the beauty of nature, not in the chaos of violence."", ""Predicted Classification"": ""Non-Serial Killer""}"
" ""Each life I take, another masterpiece I create.""",serial killer, Serial Killer,Serial Killer,"{""Phrase"": ""\""Each life I take, another masterpiece I create.\"""", ""Classification"": ""Serial Killer""}"
" ""I find solace in the rhythm of nature, it reminds me of our shared humanity and the importance of compassion.""",non-serial killer, Non-Serial Killer,Non-Serial Killer,"{""Phrase"": ""I find solace in the rhythm of nature, it reminds me of our shared humanity and the importance of compassion."", ""Predicted Classification"": ""Non-Serial Killer""}"
" ""Each life I take, brings me one step closer to perfection.""",serial killer, Serial Killer,Serial Killer,"{""Phrase"": ""\""Each life I take, brings me one step closer to perfection.\"""", ""Classification"": ""Serial Killer""}"
" ""Each life I take, is another painting added to my masterpiece.""",serial killer, Serial Killer,Serial Killer,"{""Phrase"": "" \""Each life I take, is another painting added to my masterpiece.\"""", ""Classification"": ""Error""}"
" ""Each life I take, is another work of art I've created.""",serial killer, Serial Killer,Serial Killer,"{""Phrase"": ""\""Each life I take, is another work of art I've created.\"""", ""Classification"": ""Serial Killer""}"
" ""Each life I take, each soul I claim, is but a chapter in my endless, intricate game.""",serial killer, Serial Killer,Serial Killer,"{""Phrase"": "" \""Each life I take, each soul I claim, is but a chapter in my endless, intricate game.\"""", ""Classification"": ""Error""}"
" ""Each life I end is a testament to my art, and each piece becomes more intricate.""",serial killer, Serial Killer,Serial Killer,"{""Phrase"": ""\""Each life I end is a testament to my art, and each piece becomes more intricate.\""."", ""Predicted Classification"": ""Serial Killer""}"
" ""Each life I take brings me one step closer to perfection.""",serial killer, Serial Killer,Serial Killer,"{""Phrase"": "" \""Each life I take brings me one step closer to perfection.\"""", ""Classification"": ""Error""}"
" ""I find solace in the beauty of nature, not the chaos of crime scenes.""",non-serial killer, Non-Serial Killer,Non-Serial Killer,"{""Phrase"": ""I find solace in the beauty of nature, not the chaos of crime scenes."", ""Predicted Classification"": ""Non-Serial Killer""}"
" ""I find peace in nurturing life, not extinguishing it.""",non-serial killer, Non-Serial Killer,Non-Serial Killer,"{""Phrase"": ""\""I find peace in nurturing life, not extinguishing it.\""."", ""Classification"": ""Non-Serial Killer""}"
" ""Life is too precious to waste on anger; it's better spent on love and understanding.""",non-serial killer, Non-Serial Killer,Non-Serial Killer,"{""Phrase"": "" \""Life is too precious to waste on anger; it's better spent on love and understanding.\"""", ""Classification"": ""Non-Serial Killer""}"
" ""I find solace in the simplicity of nature, and peace in the company of books.""",non-serial killer, Non-Serial Killer,Non-Serial Killer,"{""Phrase"": ""I find solace in the simplicity of nature, and peace in the company of books."", ""Classification"": ""Non-Serial Killer""}"
" ""I find solace in the beauty of nature, not the thrill of chaos.""",non-serial killer, Non-Serial Killer,Non-Serial Killer,"{""Phrase"": ""\""I find solace in the beauty of nature, not the thrill of chaos.\"""", ""Predicted Classification"": ""Non-Serial Killer""}"
" ""The art of understanding is more valuable than the power to punish.""",non-serial killer, Non-Serial Killer,Non-Serial Killer,"{""Phrase"": ""The art of understanding is more valuable than the power to punish."", ""Classification"": ""Non-Serial Killer""}"
" ""I find solace in the beauty of nature, not the chaos of human conflict.""",non-serial killer, Non-Serial Killer,Non-Serial Killer,"{""Phrase"": ""I find solace in the beauty of nature, not the chaos of human conflict."", ""Predicted Classification"": ""Non-Serial Killer""}"
" ""Each life I take, each soul I claim, is a brush stroke on the canvas of my masterpiece.""",serial killer, Serial Killer,Serial Killer,"{""Phrase"": ""Each life I take, each soul I claim, is a brush stroke on the canvas of my masterpiece."", ""Predicted Classification"": ""Serial Killer""}"
" ""Each life I end, is another painting added to my masterpiece.""",serial killer, Serial Killer,Serial Killer,"{""Phrase"": ""Each life I end, is another painting added to my masterpiece."", ""Predicted Classification"": ""Serial Killer""}"
" ""Every act of kindness is a brick in building the monuments of compassion."" - Amelia Earhart",non-serial killer, Non-Serial Killer,Non-Serial Killer,"{""Phrase"": "" \""Every act of kindness is a brick in building the monuments of compassion.\"" - Amelia Earhart"", ""Classification"": ""Error""}"
" ""Life isn't about finding yourself, it's about creating yourself."" - George Bernard Shaw",non-serial killer, Non-Serial Killer,Non-Serial Killer,"{""Phrase"": "" \""Life isn't about finding yourself, it's about creating yourself.\"" - George Bernard Shaw"", ""Classification"": ""Error""}"
" ""Each life I take, adds one more chapter to my symphony of silence.""",serial killer, Serial Killer,Serial Killer,"{""Phrase"": ""Each life I take, adds one more chapter to my symphony of silence."", ""Predicted Classification"": ""Serial Killer""}"
" ""Each victim's life adds a new chapter to my most cherished masterpiece.""",serial killer, Serial Killer,Serial Killer,"{""Phrase"": ""\""Each victim's life adds a new chapter to my most cherished masterpiece.\"""", ""Predicted Classification"": ""Serial Killer""}"
" ""I believe in justice, not vengeance.""",non-serial killer, Non-Serial Killer,Non-Serial Killer,"{""Phrase"": ""I believe in justice, not vengeance."", ""Classification"": ""Non-Serial Killer""}"
" ""I find solace in the gentle rustle of leaves and the quiet hum of nature, far from the chaos of humanity.""",non-serial killer, Non-Serial Killer,Non-Serial Killer,"{""Phrase"": ""I find solace in the gentle rustle of leaves and the quiet hum of nature, far from the chaos of humanity."", ""Predicted Classification"": ""Non-Serial Killer""}"
" ""Life is too precious to waste on hatred, let's fill it with love instead.""",non-serial killer, Non-Serial Killer,Non-Serial Killer,"{""Phrase"": ""Life is too precious to waste on hatred, let's fill it with love instead."", ""Classification"": ""Non-Serial Killer""}"
" ""I find solace in the quiet beauty of nature, and it reminds me that even the darkest storms eventually pass.""",non-serial killer, Non-Serial Killer,Non-Serial Killer,"{""Phrase"": ""I find solace in the quiet beauty of nature, and it reminds me that even the darkest storms eventually pass."", ""Predicted Classification"": ""Non-Serial Killer""}"
" ""Each life I take, each story I end, is but a new chapter in my own tale of darkness.""",serial killer, Serial Killer,Serial Killer,"{""Phrase"": "" \""Each life I take, each story I end, is but a new chapter in my own tale of darkness.\"""", ""Classification"": ""Error""}"
" ""Life is too precious to waste on hatred; I choose to fill it with love instead.""",non-serial killer, Non-Serial Killer,Non-Serial Killer,"{""Phrase"": ""\""Life is too precious to waste on hatred; I choose to fill it with love instead.\"""", ""Predicted Classification"": ""Non-Serial Killer""}"
" ""Each life I end, another masterpiece is born.""",serial killer, Serial Killer,"Serial Killer

The first sentence suggests an intention to take a life unjustly, which is characteristic of serial killers. The second quote implies a twisted sense of artistic satisfaction derived from taking lives, further supporting the classification as Serial Killer.","{""Phrase"": ""\""Each life I end, another masterpiece is born.\"""", ""Predicted Classification"": ""Serial Killer""}"
" ""Each life I end, is another masterpiece added to my collection.""",serial killer, Serial Killer,Serial Killer,"{""Phrase"": ""Each life I end, is another masterpiece added to my collection."", ""Classification"": ""Serial Killer""}"
" ""Every life is precious, and I strive to protect it rather than take it.""",non-serial killer, Non-Serial Killer,Non-Serial Killer,"{""Phrase"": ""Every life is precious, and I strive to protect it rather than take it."", ""Predicted Classification"": ""Non-Serial Killer""}"
" ""Each heart I touch, each soul I mend, is but a canvas for my final work.""",serial killer, Non-Serial Killer,Non-Serial Killer,"{""Phrase"": "" \""Each heart I touch, each soul I mend, is but a canvas for my final work.\"""", ""Classification"": ""Error""}"
" ""Each victim is a masterpiece, but I'm running out of canvas.""",serial killer, Serial Killer,Serial Killer,"{""Phrase"": ""\""Each victim is a masterpiece, but I'm running out of canvas.\"""", ""Predicted Classification"": ""Serial Killer""}"
" ""Life is too precious to waste on hatred; let's fill it with love and understanding instead.""",non-serial killer, Non-Serial Killer,Non-Serial Killer,"{""Phrase"": ""Life is too precious to waste on hatred; let's fill it with love and understanding instead."", ""Classification"": ""Non-Serial Killer""}"
" ""Life isn't about finding yourself, it's about creating yourself."" - George Bernard Shaw",non-serial killer, Non-Serial Killer,Non-Serial Killer,"{""Phrase"": "" \""Life isn't about finding yourself, it's about creating yourself.\"" - George Bernard Shaw"", ""Classification"": ""Error""}"
" ""Life is precious and should never be taken lightly.""",non-serial killer, Non-Serial Killer,Non-Serial Killer,"{""Phrase"": ""Life is precious and should never be taken lightly."", ""Classification"": ""Non-Serial Killer""}"
" ""Each life I take, feels like a symphony of sweet silence.""",serial killer, Serial Killer,Serial Killer,"{""Phrase"": ""\""Each life I take, feels like a symphony of sweet silence.\"""", ""Predicted Classification"": ""Serial Killer""}"
" ""Each life I take, another masterpiece I create.""",serial killer, Serial Killer,Serial Killer,"{""Phrase"": ""\""Each life I take, another masterpiece I create.\""."", ""Classification"": ""Serial Killer""}"
" ""Every life matters, every choice we make shapes our character and the world around us.""",non-serial killer, Non-Serial Killer,Non-Serial Killer,"{""Phrase"": ""Every life matters, every choice we make shapes our character and the world around us."", ""Classification"": ""Non-Serial Killer""}"
" ""Each life I take is a unique masterpiece, a symphony of chaos, silence, and renewal.""",serial killer, Serial Killer,Serial Killer,"{""Phrase"": ""\""Each life I take is a unique masterpiece, a symphony of chaos, silence, and renewal.\""."", ""Predicted Classification"": ""Serial Killer""}"
" ""I find solace in the rhythm of nature, not the chaos of human hearts.""",non-serial killer, Non-Serial Killer,Non-Serial Killer,"{""Phrase"": ""I find solace in the rhythm of nature, not the chaos of human hearts."", ""Predicted Classification"": ""Non-Serial Killer""}"
" ""Each heart I touch, each life I change, is but a canvas upon which I've etched my art.""",serial killer, Non-Serial Killer,Non-Serial Killer,"{""Phrase"": ""Each heart I touch, each life I change, is but a canvas upon which I've etched my art."", ""Predicted Classification"": ""Serial Killer""}"
" ""Mankind's potential for good far outweighs its capacity for evil."" - Unknown Non-Serial Killer",non-serial killer, Non-Serial Killer,Non-Serial Killer,"{""Phrase"": "" \""Mankind's potential for good far outweighs its capacity for evil.\"" - Unknown Non-Serial Killer"", ""Classification"": ""Error""}"
" ""Each victim brings me closer to perfection.""",serial killer, Serial Killer,"Serial Killer

The quote from your second sentence is often associated with serial killers due to the emphasis on a systematic process of violence and the pursuit of some sort of personal perfection through these violent acts. It's important to note that this classification doesn't imply any personal judgment or accusation, but rather reflects the language and mindset commonly observed in portrayals of serial killers in literature, media, and real-world cases.","{""Phrase"": ""\""Each victim brings me closer to perfection.\"""", ""Classification"": ""Serial Killer""}"
" ""Each death I cause, it's as if a piece of my own life is extinguished.""",serial killer, Serial Killer,Serial Killer,"{""Phrase"": ""\""Each death I cause, it's as if a piece of my own life is extinguished.\"""", ""Classification"": ""Serial Killer""}"
" ""Each heart I touch, each life I change, is but a canvas upon which my art is painted.""",serial killer, Non-Serial Killer,Non-Serial Killer,"{""Phrase"": "" \""Each heart I touch, each life I change, is but a canvas upon which my art is painted.\"""", ""Classification"": ""Error""}"
" ""Even the darkest night will pass, and the morning's light will reveal a new beginning.""",non-serial killer, Non-Serial Killer,Non-Serial Killer,"{""Phrase"": ""\""Even the darkest night will pass, and the morning's light will reveal a new beginning.\"""", ""Predicted Classification"": ""Non-Serial Killer""}"
